id,source,title,content,authors,published_date,url,type,language,stars,collected_date,status,quality_score,cleaning_timestamp
902,GitHub,gprMax,gprMax is open source software that simulates electromagnetic wave propagation using the Finite-Difference Time-Domain FDTD method for numerical modelling of Ground Penetrating Radar GPR,gprMax,2015-09-30,https://github.com/gprMax/gprMax,code,Python,746,2025-10-10,raw,0.6,2025-10-10 22:07:45
904,GitHub,ceviche,shrimp Electromagnetic Simulation + Automatic Differentiation,fancompute,2019-05-24,https://github.com/fancompute/ceviche,code,Python,375,2025-10-10,raw,0.15000000000000002,2025-10-10 22:07:45
905,GitHub,tidy3d,Fast electromagnetic solver FDTD at scale,flexcompute,2021-08-02,https://github.com/flexcompute/tidy3d,code,Python,281,2025-10-10,raw,0.15000000000000002,2025-10-10 22:07:45
909,GitHub,fdtd3d,fdtd3d is an open source 1D 2D 3D FDTD electromagnetics solver with MPI OpenMP and CUDA support for x64 ARM ARM64 RISC-V PowerPC Wasm architectures,zer011b,2015-09-22,https://github.com/zer011b/fdtd3d,code,C++,143,2025-10-10,raw,0.55,2025-10-10 22:07:45
910,GitHub,maxwell-simulation,Interactive web-based simulator of electromagnetic waves,RobinKa,2019-10-16,https://github.com/RobinKa/maxwell-simulation,code,TypeScript,122,2025-10-10,raw,0.44999999999999996,2025-10-10 22:07:45
911,GitHub,xnec2c,Xnec2c is a high-performance multi-threaded electromagnetic simulation package to model antenna near- and far-field radiation patterns for Linux and UNIX operating systems,KJ7LNW,2021-10-31,https://github.com/KJ7LNW/xnec2c,code,C,108,2025-10-10,raw,0.55,2025-10-10 22:07:45
913,GitHub,pycharge,Differentiable electromagnetics simulation library for moving point charges built on JAX,MatthewFilipovich,2021-07-25,https://github.com/MatthewFilipovich/pycharge,code,Python,74,2025-10-10,raw,0.15000000000000002,2025-10-10 22:07:45
916,GitHub,python-meep-utils,<NEEDS MAJOR UPDATE> Simulations of electromagnetic waves - easier scripting postprocessing and field export,FilipDominec,2015-02-11,https://github.com/FilipDominec/python-meep-utils,code,Python,57,2025-10-10,raw,0.85,2025-10-10 22:07:45
917,GitHub,Computational_Electromagnetics,Electrostatic and Electromagnetic wave propagation simulations with FEM EM field TE TM modes of a circular waveguide scattering of a plane wave from a perfect electric conductor cylinder using PML,konstantd,2021-06-03,https://github.com/konstantd/Computational_Electromagnetics,code,MATLAB,50,2025-10-10,raw,0.8999999999999999,2025-10-10 22:07:45
918,GitHub,DESIGN_AND_SIMULATION_OF_BRANCH_LINE_COUPLER_USING_HFSS,Strong problem-solving abilities coupled with effective communication skills enabling successful collaboration with cross-functional teams to achieve project objectives Skilled in analyzing electromagnetic behavior optimizing performance parameters and ensuring compliance with project specifications,ReenaS25,2024-03-04,https://github.com/ReenaS25/DESIGN_AND_SIMULATION_OF_BRANCH_LINE_COUPLER_USING_HFSS,code,,50,2025-10-10,raw,0.85,2025-10-10 22:07:45
919,GitHub,MESTI m,2D multi-source electromagnetic simulations in frequency domain implementing the augmented partial factorization APF and other methods,complexphoton,2022-03-26,https://github.com/complexphoton/MESTI.m,code,MATLAB,43,2025-10-10,raw,0.55,2025-10-10 22:07:45
921,GitHub,6G-simulation-platform,This simulation platform is presented in An Open Platform for Simulating the Physical Layer of 6G Communication Systems with Multiple Intelligent Surfaces In this paper we develop an open simulation platform aimed at modeling the physical-layer electromagnetic coupling and propagation between RIS pairs We present the platform by initially designing a basic unit cell and then proceeding to progressively model and simulate multiple and larger RISs The platform can be used for producing verifiable stochastic models for wireless communication in multi- RIS deployments and its code is freely available to the public,alexpapad95,2022-07-07,https://github.com/alexpapad95/6G-simulation-platform,code,MATLAB,35,2025-10-10,raw,0.85,2025-10-10 22:07:45
922,GitHub,LadyBuddy-A-woman-safety-app,A complete women s safety app with various advanced features such as emergency SOS Software simulation of electromagnetic waves detection using the magnetometer sensor Women s news Siren Alarm etc,Moheeeetgupta,2021-06-14,https://github.com/Moheeeetgupta/LadyBuddy-A-woman-safety-app,code,Java,31,2025-10-10,raw,0.85,2025-10-10 22:07:45
923,GitHub,Rectangular-microstrip-patch-antenna-using-HFSS,A rectangular microstrip patch antenna is a type of antenna with a rectangular metallic patch printed on a dielectric substrate HFSS or High Frequency Structural Simulator is a powerful software tool for designing and analyzing such antennas providing accurate simulations of their electromagnetic performance,spkeerthana2105,2024-03-05,https://github.com/spkeerthana2105/Rectangular-microstrip-patch-antenna-using-HFSS,code,,26,2025-10-10,raw,0.85,2025-10-10 22:07:45
924,GitHub,fdfd_suite,This repository contains Matlab programs that can efficiently perform a comprehensive list of 2D electromagnetic simulations based on the finite difference frequency domain FDFD technique,YuJerryShi,2018-02-19,https://github.com/YuJerryShi/fdfd_suite,code,Matlab,25,2025-10-10,raw,0.85,2025-10-10 22:07:45
926,GitHub,MatRCWA,An electromagnetic simulation tool programmed in Matlab by using the method Rigorous Coupled-Wave analysis RCWA,insaliujia,2015-11-19,https://github.com/insaliujia/MatRCWA,code,Matlab,19,2025-10-10,raw,0.55,2025-10-10 22:07:45
927,GitHub,apollo,Enabling 3D electromagnetics simulation in MOOSE using the MFEM FE library,aurora-multiphysics,2021-03-17,https://github.com/aurora-multiphysics/apollo,code,C,19,2025-10-10,raw,0.15000000000000002,2025-10-10 22:07:45
928,GitHub,heagy-2018-AEM,Notebooks and python scripts to reproduce the figures shown in Open source software for simulations and inversions of airborne electromagnetic data submitted to the AEM 2018 workshop,simpeg-research,2018-03-09,https://github.com/simpeg-research/heagy-2018-AEM,code,Jupyter Notebook,19,2025-10-10,raw,0.85,2025-10-10 22:07:45
930,GitHub,TMatrixOpt,An electromagnetic solver capable of simulating and optimizing 1D thin-layer structures via the semi-analytical transfer matrix method For example one can simulate and optimize broadband distributed Bragg reflectors anti-reflection coatings optical bandpass filters and photovoltaic devices,smhooten,2020-12-17,https://github.com/smhooten/TMatrixOpt,code,Python,18,2025-10-10,raw,0.85,2025-10-10 22:07:45
931,GitHub,simpegEMIP,Forward simulation and inversion of induced polarization effects in electromagnetic data,sgkang,2017-03-13,https://github.com/sgkang/simpegEMIP,code,Jupyter Notebook,17,2025-10-10,raw,0.44999999999999996,2025-10-10 22:07:45
932,GitHub,VoxScatter,Volume integral equation solver for electromagnetic scattering simulations,samuelpgroth,2019-01-09,https://github.com/samuelpgroth/VoxScatter,code,MATLAB,15,2025-10-10,raw,0.44999999999999996,2025-10-10 22:07:45
934,GitHub,pytheas,Python Electromagnetic Analysis and Simulation with the Finite Element Method,benvial,2019-02-07,https://github.com/benvial/pytheas,code,Prolog,14,2025-10-10,raw,0.15000000000000002,2025-10-10 22:07:45
935,GitHub,FDTD jl,An implementation of the Finite Difference Time Domain FDTD method in 2D and 3D for Electromagnetic Simulation in julia,xtalax,2019-09-09,https://github.com/xtalax/FDTD.jl,code,Julia,13,2025-10-10,raw,0.55,2025-10-10 22:07:45
936,GitHub,Veronica-Nelson-s-FYP,This program contains an FDTD algorithm adopted from A Z Elsherbeni The finite-difference time-domain method for electromagnetics with MATLAB simulations Second edition Edison New Jersey SciTech Publishing 2015 to simulate the propagation of VLF waves in the Earth-Ionosphere waveguide,vlnelson1,2022-05-10,https://github.com/vlnelson1/Veronica-Nelson-s-FYP,code,MATLAB,13,2025-10-10,raw,0.85,2025-10-10 22:07:45
937,GitHub,EMT_Benchmarks,Test cases for the simulation of electromagnetic transients,JeanMahseredjian,2018-07-13,https://github.com/JeanMahseredjian/EMT_Benchmarks,code,,11,2025-10-10,raw,0.44999999999999996,2025-10-10 22:07:45
938,GitHub,DMA_Model,Simulation code for paper on Electromagnetic Based Communication Model for Dynamic Metasurface Antennas,RobinJW,2022-03-10,https://github.com/RobinJW/DMA_Model,code,MATLAB,11,2025-10-10,raw,0.55,2025-10-10 22:07:45
939,GitHub,ion-trap-qsim,Ion Trap QSim is a package for simulation of quantum and classical dynamics of trapped ion chains in interaction with lasers and trap electromagnetic fields,HaeffnerLab,2015-02-24,https://github.com/HaeffnerLab/ion-trap-qsim,code,Jupyter Notebook,11,2025-10-10,raw,0.85,2025-10-10 22:07:45
940,GitHub,Metasurface-Modelling-DL,A deep learning model for predicting reflection S11 and transmission S21 coefficients of metasurfaces based on their geometric and material parameters This project provides fast predictions without requiring full electromagnetic simulations,elanovin,2025-02-25,https://github.com/elanovin/Metasurface-Modelling-DL,code,Python,11,2025-10-10,raw,0.85,2025-10-10 22:07:45
941,GitHub,EMSimulation,Software packages for electromagnetic simulations DDA and FDTD,ToniaDemchuk,2016-10-23,https://github.com/ToniaDemchuk/EMSimulation,code,C#,10,2025-10-10,raw,0.44999999999999996,2025-10-10 22:07:45
942,GitHub,GEMM3D,this program allows not only the simulation of 3D Magnetotelluric responses circular loop and electromagnetic dipoles using the Vector Finite Elements for both real and complex conductivity as well as the calculation of the sensitivity matrix by the Adjoint States Method,Barriga-Nunes,2019-02-12,https://github.com/Barriga-Nunes/GEMM3D,code,,10,2025-10-10,raw,0.55,2025-10-10 22:07:45
943,GitHub,SMP_Passivity_Enforcement,Author Nathan Totorica Date 5/14/2021 Singularity Matrix Pertubation SMP This code was written for a class project in the course entitled ECE 504 ST Passive Electromagnetic Systems taught in Spring 2021 by Dr Ata Zadehgol at the University of Idaho in Moscow This code was developed in part based on the code developed by Jennifer Houle in ECE 504 ST Modern Circuit Synthesis Algorithms taught in Spring 2020 by Dr Ata Zadehgol Jennifer s code is available online at https //github com/JenniferEHoule/Circuit_Synthesis Overview Singular Matrix Perturbation SMP as introduced in 11 is a passivity enforcement algorithm for use on fitted models This robust method is fast computationally inexpensive and accurate in enforcing passivity This implementation using Python can easily be used with Vector Fitting algorithm implemented in 12 Example cases to demonstrate passivity enforcmment were taken from 7 15 as well as custom examples designed in simulation software based off of multiport circuit synthesis as described in 6 I/O and Flow Description - Instructions for input and output and flow description can be found in flow_diagram pdf Files - SMP py Singularity matrix perturbation implementation of 11 - s_compare py Compare ADS simulated S matrices Calculate RMS error and plot - eig_plot py Plotting functions Eigenvalue plots based off of plot py in 12 - smp_ex py Example of how to pull sp file in parse parameters send to vector fitting enforce passivity and generate new passive circuit Imported from 12 - Ex2_y py - vectfit3 py - intercheig py - rot py - pass_check py - fitcalc py - FRPY py - intercheig py - violextrema py - plots py - quadprog py - pr2ss py - utils py Licensing GPL-3 0 License In addition to licensing Embedding any of or parts from the routines of the Matrix Fitting Toolbox in a commercial software or a software requiring licensing is strictly prohibited This applies to all routines see Section 2 1 If the code is used in a scientific work then reference should me made as follows VFdriver m and/or vectfit3 m References 1 2 3 RPdriver m and/or FRPY m applied to Y-parameters 8 9 References 1 B Gustavsen and A Semlyen Rational approximation of frequency domain responses by Vector Fitting IEEE Trans Power Delivery vol 14 no 3 pp 1052-1061 July 1999 2 B Gustavsen Improving the pole relocating properties of vector fitting IEEE Trans Power Delivery vol 21 no 3 pp 1587-1592 July 2006 3 D Deschrijver M Mrozowski T Dhaene and D De Zutter Macromodeling of Multiport Systems Using a Fast Implementation of the Vector Fitting Method IEEE Microwave and Wireless Components Letters vol 18 no 6 pp 383-385 June 2008 4 B Gustavsen VFIT3 The Vector Fitting Website March 20 2013 Accessed on Jan 21 2020 Online Available https //www sintef no/projectweb/vectfit/downloads/vfit3/ 5 A Zadehgol A semi-analytic and cellular approach to rational system characterization through equivalent circuits Wiley IJNM 2015 Online https //doi org/10 1002/jnm 2119 6 V Avula and A Zadehgol A Novel Method for Equivalent Circuit Synthesis from Frequency Response of Multi-port Networks EMC EUR pp 79-84 2016 Online Available //WOS 000392194100012 7 B Gustavsen Matrix Fitting Toolbox The Vector Fitting Website March 20 2013 Accessed on Feb 25 2020 Online Available https //www sintef no/projectweb/vectorfitting/downloads/matrix-fitting-toolbox/ 8 B Gustavsen Fast passivity enforcement for S-parameter models by perturbation of residue matrix eigenvalues IEEE Trans Advanced Packaging vol 33 no 1 pp 257-265 Feb 2010 9 B Gustavsen Fast Passivity Enforcement for Pole-Residue Models by Perturbation of Residue Matrix Eigenvalues IEEE Trans Power Delivery vol 23 no 4 pp 2278-2285 Oct 2008 10 A Semlyen B Gustavsen A Half-Size Singularity Test Matrix for Fast and Reliable Passivity Assessment of Rational Models IEEE Trans Power Delivery vol 24 no 1 pp 345-351 Jan 2009 11 E Medina A Ramirez J Morales and K Sheshyekani Passivity Enforcement of FDNEs via Perturbation of Singularity Test Matrix in IEEE Transactions on Power Delivery vol 35 no 4 pp 1648-1655 Aug 2020 doi 10 1109/TPWRD 2019 2949216 12 Houle Jennifer GitHub May 10 2020 Accessed on February 3 2021 Online Available https //github com/jenniferEhoule/circuit_synthesis,ntotorica,2021-05-14,https://github.com/ntotorica/SMP_Passivity_Enforcement,code,Python,10,2025-10-10,raw,0.85,2025-10-10 22:07:45
944,GitHub,Metalens,Electromagnetic simulations of a focusing metalens,jacobson15p,2019-12-20,https://github.com/jacobson15p/Metalens,code,Python,9,2025-10-10,raw,0.15000000000000002,2025-10-10 22:07:45
945,GitHub,project-diamond,Parallelogram and Trapezoid Tiling Code for Accelerated FDTD electromagnetic wave simulation,biergaizi,2023-06-19,https://github.com/biergaizi/project-diamond,code,C++,9,2025-10-10,raw,0.44999999999999996,2025-10-10 22:07:45
946,GitHub,ScatterPy,T-matrix electromagnetic scattering simulations,TCvanLeth,2019-10-01,https://github.com/TCvanLeth/ScatterPy,code,Python,8,2025-10-10,raw,0.15000000000000002,2025-10-10 22:07:45
947,GitHub,MaxwellNet,A physics driven neural network to perform finite difference frequency domain electromagnetic simulations,carlogigli,2023-01-11,https://github.com/carlogigli/MaxwellNet,code,Jupyter Notebook,8,2025-10-10,raw,0.85,2025-10-10 22:07:45
948,GitHub,kang-2019-3D-aem,Development of 3D time-domain airborne electromagnetic simulation,simpeg-research,2019-02-11,https://github.com/simpeg-research/kang-2019-3D-aem,code,Jupyter Notebook,8,2025-10-10,raw,0.44999999999999996,2025-10-10 22:07:45
949,GitHub,HGCAL_TB2017_WGAN,Precise simulation of electromagnetic calorimeter showers using a Wasserstein Generative Adversarial Network,ThorbenQuast,2019-03-08,https://github.com/ThorbenQuast/HGCAL_TB2017_WGAN,code,Python,8,2025-10-10,raw,0.85,2025-10-10 22:07:45
951,GitHub,maxwellfdfd-ai,Simulation acceleration for the transmittance of electromagnetic waves in 2D slit arrays using deep learning,wonderit,2019-08-16,https://github.com/wonderit/maxwellfdfd-ai,code,Python,7,2025-10-10,raw,0.85,2025-10-10 22:07:45
952,GitHub,hephaestus,Hephaestus is an MFEM-based library to enable configurable FE electromagnetics simulations,aurora-multiphysics,2022-02-02,https://github.com/aurora-multiphysics/hephaestus,code,C++,7,2025-10-10,raw,0.44999999999999996,2025-10-10 22:07:45
953,GitHub,rust-bevy-em-simple,3d electromagnetic field visualisation in rust,alexichepura,2022-03-12,https://github.com/alexichepura/rust-bevy-em-simple,code,Rust,7,2025-10-10,raw,0.44999999999999996,2025-10-10 22:07:45
954,GitHub,laser_bcs,library that implements boundary conditions for arbitrarily shaped laser beams in electromagnetic codes,valenpe7,2017-09-18,https://github.com/valenpe7/laser_bcs,code,C++,7,2025-10-10,raw,0.55,2025-10-10 22:07:45
957,GitHub,ezfdtd,easy-fdtd - yet another FDTD electromagnetic simulation software,emguy,2014-01-04,https://github.com/emguy/ezfdtd,code,C,6,2025-10-10,raw,0.15000000000000002,2025-10-10 22:07:45
959,GitHub,SVTM_Passivity_Enforcement,Passivity Enforcement Author Brian Guiana Date 5/14/2021 This code was written for a class project in the course entitled ECE 504 ST Passive Electromagnetic Systems taught in Spring 2021 by Dr Ata Zadehgol at the University of Idaho in Moscow This code was developed in part based on the code developed by Jennifer Houle in ECE 504 ST Modern Circuit Synthesis Algorithms taught in Spring 2020 by Dr Ata Zadehgol Jennifer s code is available online at https //github com/JenniferEHoule/Circuit_Synthesis Overview - This code implements the passivity enforcement algorithm detailed in 11 - This code uses programs written in 12 in order to get a vector fit state-space model to enforce passivity onto - This code was intended to be able to replace the file RPdriver py in 12 for passivity enforcement Licensing From 7 restrictions on use in addition to licensing >- Embedding any of or parts from the routines of the Matrix Fitting Toolbox in a commercial software or a software requiring licensing is strictly prohibited This applies to all routines see Section 2 1 >- If the code is used in a scientific work then reference should me made as follows > - VFdriver m and/or vectfit3 m References 1 2 3 > - RPdriver m and/or FRPY m applied to Y-parameters 8 9 Files Primary Files 12 was the original creator of each associated file - create_netlist py 12 - passivity_driver py 11 - plots py 12 - utils py 12 - vectfit3 py 12 - VFdriver py 12 Secondary Files - ex4_Y py 4-port example file - input_4_port_ads s4p Input for ex4_y py - netlist sp Output for ex4_y py Inputs - Singular sNp file Vector fitting is applied to this file followed by passivity enforcement Outputs - Singular sp file PSPICE simulation file for use with SPICE simulation software References 1 B Gustavsen and A Semlyen Rational approximation of frequency domain responses by Vector Fitting IEEE Trans Power Delivery vol 14 no 3 pp 1052-1061 July 1999 2 B Gustavsen Improving the pole relocating properties of vector fitting IEEE Trans Power Delivery vol 21 no 3 pp 1587-1592 July 2006 3 D Deschrijver M Mrozowski T Dhaene and D De Zutter Macromodeling of Multiport Systems Using a Fast Implementation of the Vector Fitting Method IEEE Microwave and Wireless Components Letters vol 18 no 6 pp 383-385 June 2008 4 B Gustavsen VFIT3 The Vector Fitting Website March 20 2013 Accessed on Jan 21 2020 Online Available https //www sintef no/projectweb/vectfit/downloads/vfit3/ 5 A Zadehgol A semi-analytic and cellular approach to rational system characterization through equivalent circuits Wiley IJNM 2015 Online https //doi org/10 1002/jnm 2119 6 V Avula and A Zadehgol A Novel Method for Equivalent Circuit Synthesis from Frequency Response of Multi-port Networks EMC EUR pp 79-84 2016 Online Available //WOS 000392194100012 7 B Gustavsen Matrix Fitting Toolbox The Vector Fitting Website March 20 2013 Accessed on Feb 25 2020 Online Available https //www sintef no/projectweb/vectorfitting/downloads/matrix-fitting-toolbox/ 8 B Gustavsen Fast passivity enforcement for S-parameter models by perturbation of residue matrix eigenvalues IEEE Trans Advanced Packaging vol 33 no 1 pp 257-265 Feb 2010 9 B Gustavsen Fast Passivity Enforcement for Pole-Residue Models by Perturbation of Residue Matrix Eigenvalues IEEE Trans Power Delivery vol 23 no 4 pp 2278-2285 Oct 2008 10 A Semlyen B Gustavsen A Half-Size Singularity Test Matrix for Fast and Reliable Passivity Assessment of Rational Models IEEE Trans Power Delivery vol 24 no 1 pp 345-351 Jan 2009 11 E Medina A Ramirez J Morales and K Sheshyekani Passivity Enforcement of FDNEs via Perturbation of Singularity Test Matrix IEEE Trans on Power Del vol 35 no 4 pp 1648-1655 Aug 2020 12 JenniferEHoule Circuit_Synthesis GitHub May 12 2020 Accessed Mar 10 2021 Online Available https //github com/JenniferEHoule/Circuit_Synthesis,bmguiana,2021-05-14,https://github.com/bmguiana/SVTM_Passivity_Enforcement,code,Python,6,2025-10-10,raw,0.85,2025-10-10 22:07:45
960,GitHub,Fields,Visualisation of the electromagnetic field,mlhoutel,2021-05-21,https://github.com/mlhoutel/Fields,code,Python,5,2025-10-10,raw,0.15000000000000002,2025-10-10 22:07:45
962,GitHub,maxwellbloch,A Python package for solving the coupled Maxwell-Bloch equations describing the nonlinear propagation of near-resonant light through thermal quantised systems such as atomic vapours,tpogden,2016-06-09,https://github.com/tpogden/maxwellbloch,code,Python,34,2025-10-10,raw,0.85,2025-10-10 22:07:45
963,GitHub,py-maxwell-fd3d,A functional and efficient python implementation of the 3D version of Maxwell s equations,zhaonat,2022-01-21,https://github.com/zhaonat/py-maxwell-fd3d,code,Jupyter Notebook,28,2025-10-10,raw,0.44999999999999996,2025-10-10 22:07:45
966,GitHub,maxwell,A FEM solver for Maxwell s equations written as a C++ library for Python,AlexPandaBear,2020-10-17,https://github.com/AlexPandaBear/maxwell,code,C++,3,2025-10-10,raw,0.15000000000000002,2025-10-10 22:07:45
967,GitHub,Homogenious_ElectroStatic_Solver,I ve put together this little python script to solve the equipotential surfaces around some conductors at some potential The idea behind it was to then calculate the energy contained in the field and with that then calculate the capacitance of some complex transmission line I am designing This script is only working for homogenous media at the moment but I will update it at some point Obviously this uses finite differences and for solving the equipotential surfaces I solve Laplace s equation derived from Maxwell s equations iteratively by convolving a 3x3x3 matrix through the discretized 3D volume It s a really simple and easy-to-use script I am not uploading the whole work because it s part of some project I am currently doing but I find the algorithm for solving Laplace s equation interesting The same script could be used to solve for isothermal surfaces in a volume according to Fourier s heat conduction law,AdrianRamosBardin,2022-08-26,https://github.com/AdrianRamosBardin/Homogenious_ElectroStatic_Solver,code,Python,2,2025-10-10,raw,0.85,2025-10-10 22:07:45
968,GitHub,phase-separation,Partial Differential Equation Solver Python utilised both Jacobi and Gauss-Seidel algorithms with successive over-relaxation to solve Maxwell Poisson and Cahn-Hilliard equations This was used to visualise the phase separation of a physical system described by the Cahn-Hilliard equation over time,leweegie,2020-11-12,https://github.com/leweegie/phase-separation,code,Python,1,2025-10-10,raw,0.8999999999999999,2025-10-10 22:07:45
969,GitHub,Maxwell_Bloch_Sim_Python,Simulator of the Maxwell-Bloch equations,JoaoCosta94,2017-03-18,https://github.com/JoaoCosta94/Maxwell_Bloch_Sim_Python,code,Python,0,2025-10-10,raw,0.44999999999999996,2025-10-10 22:07:45
970,GitHub,Maxwells_Equations,Python implementation for Maxwell s Equations,minglisyr,2024-08-20,https://github.com/minglisyr/Maxwells_Equations,code,Python,0,2025-10-10,raw,0.44999999999999996,2025-10-10 22:07:45
973,GitHub,yee-algorithm,Implementation of the FDTD algorithm aka Yee s Algorithm for simulating the time evolution of Maxwell s equations in Python,switchpiggy,2024-03-26,https://github.com/switchpiggy/yee-algorithm,code,Python,0,2025-10-10,raw,0.85,2025-10-10 22:07:45
974,GitHub,Thin-Film-Optical-Coating-Simulator,This Python script performs a simulation of the optical properties reflectance transmittance and absorbance of a multilayer thin-film stack It uses the Transfer Matrix Method TMM a fundamental and powerful technique in computational electromagnetics for solving Maxwell s equations in stratified media,danahmedkhan,2025-10-03,https://github.com/danahmedkhan/Thin-Film-Optical-Coating-Simulator,code,,0,2025-10-10,raw,0.8999999999999999,2025-10-10 22:07:45
975,GitHub,Electromagnetic-Wave-Simulator,This is a basic python simulation of electromagnetic waves The simulation is technically three dimensional but the third dimension is compressed making it essentially two dimensional Having a slice of the third dimension allows the governing equations to be direct grid approximations of Maxwell s Equaitons,bmkitch,2024-12-18,https://github.com/bmkitch/Electromagnetic-Wave-Simulator,code,Python,0,2025-10-10,raw,0.8999999999999999,2025-10-10 22:07:45
979,GitHub,openEMS-Project,openEMS is a free and open electromagnetic field solver using the FDTD method,thliebig,2013-09-03,https://github.com/thliebig/openEMS-Project,code,Python,584,2025-10-10,raw,0.44999999999999996,2025-10-10 22:07:45
980,GitHub,openEMS,openEMS is a free and open-source electromagnetic field solver using the EC-FDTD method,thliebig,2012-04-11,https://github.com/thliebig/openEMS,code,C++,580,2025-10-10,raw,0.15000000000000002,2025-10-10 22:07:45
990,GitHub,Computational-Electromagnetics-FDTD-Analysis,FDTD solutions of Maxwell s equations,utsav-akhaury,2020-01-31,https://github.com/utsav-akhaury/Computational-Electromagnetics-FDTD-Analysis,code,MATLAB,16,2025-10-10,raw,0.44999999999999996,2025-10-10 22:07:45
992,GitHub,computational-emag,Graduate level course on computational electromagnetics including FEM FDTD and method of moments,caitlyncaggia,2020-12-12,https://github.com/caitlyncaggia/computational-emag,code,MATLAB,14,2025-10-10,raw,0.44999999999999996,2025-10-10 22:07:45
995,GitHub,MedFDTD,A parallel codes for computational electromagnetics by finite-difference time-domain method,IcyVein,2011-11-14,https://github.com/IcyVein/MedFDTD,code,C,11,2025-10-10,raw,0.15000000000000002,2025-10-10 22:07:45
997,GitHub,ComputationalElectromagnetics,Matlab codes that solve Maxwell s equations with some light-matter interactions using the finite difference time domain FDTD method,briandaniel,2019-07-01,https://github.com/briandaniel/ComputationalElectromagnetics,code,MATLAB,10,2025-10-10,raw,0.85,2025-10-10 22:07:45
1000,GitHub,1D-FDTD-Plane-Wave-Plasma-MATLAB,This repository contains a MATLAB implementation of the 1D Finite Difference Time Domain FDTD method for simulating the propagation of plane electromagnetic waves in a plasma medium,ShayanDodge,2021-12-13,https://github.com/ShayanDodge/1D-FDTD-Plane-Wave-Plasma-MATLAB,code,MATLAB,9,2025-10-10,raw,0.85,2025-10-10 22:07:45
1001,GitHub,Magnetic_Induction_FDTD,A 2D electromagnetic simulator using the Finite Difference Time Domain FDTD method It simulates magnetic induction from one coil to another through an air/water interface,markCwatson,2022-05-09,https://github.com/markCwatson/Magnetic_Induction_FDTD,code,MATLAB,7,2025-10-10,raw,0.85,2025-10-10 22:07:45
1003,GitHub,openmax_source_code_32,The latest version of 32-bit OpenMaXwell a general electromagnetics analysis tool including MMP FDTD and much more A release is available for download ver 21A,openmaxwell,2021-03-17,https://github.com/openmaxwell/openmax_source_code_32,code,Fortran,6,2025-10-10,raw,0.8999999999999999,2025-10-10 22:07:45
1004,GitHub,maxwell-fdtd,FDTD solver for maxwell s equations Electromagnetism 2 course project,slhshamloo,2021-07-05,https://github.com/slhshamloo/maxwell-fdtd,code,Python,6,2025-10-10,raw,0.44999999999999996,2025-10-10 22:07:45
1006,GitHub,webgl-fdtd,Interactive electromagnetic simulator for your browser running on your GPU via WebGL,timdrysdale,2016-08-30,https://github.com/timdrysdale/webgl-fdtd,code,JavaScript,5,2025-10-10,raw,0.44999999999999996,2025-10-10 22:07:45
1008,GitHub,DTmaxwell4,FDTD modelling of electromagnetics on GPGPU,zakirovandrey,2015-10-04,https://github.com/zakirovandrey/DTmaxwell4,code,C++,4,2025-10-10,raw,0.44999999999999996,2025-10-10 22:07:45
1009,GitHub,plasmonic_fdtd,Two dimensional fdtd code for electromagnetic simulation of surface plasmon polaritons Drude materials have been modeled,danieljg,2013-08-15,https://github.com/danieljg/plasmonic_fdtd,code,FORTRAN,4,2025-10-10,raw,0.85,2025-10-10 22:07:45
1010,GitHub,Anisotropic-FDTD,Anisotropic FDTD Electromagnetic cloak,csernyavao,2019-10-03,https://github.com/csernyavao/Anisotropic-FDTD,code,MATLAB,4,2025-10-10,raw,0.44999999999999996,2025-10-10 22:07:45
1011,GitHub,Computational-Electromagnetics-Double-slit-Interference,ECE540 Project 1 Double-slit Interference using FDTD with PML and PMC,yichiat2,2020-10-21,https://github.com/yichiat2/Computational-Electromagnetics-Double-slit-Interference,code,MATLAB,4,2025-10-10,raw,0.4,2025-10-10 22:07:45
1012,GitHub,FDTD_Wakefields,Repository for code used when simulating electromagnetic phenomena with moving electron density distribution Plasma wakes,Chriolo,2020-04-24,https://github.com/Chriolo/FDTD_Wakefields,code,Python,4,2025-10-10,raw,0.85,2025-10-10 22:07:45
1013,GitHub,Numerical-Method-for-Electromagnetic-Simulation,A one-dimensional Finite Difference Time Domain FDTD algorithm run for a specific problem,SHIKHAR-CHANDRA,2022-01-11,https://github.com/SHIKHAR-CHANDRA/Numerical-Method-for-Electromagnetic-Simulation,code,MATLAB,4,2025-10-10,raw,0.4,2025-10-10 22:07:45
1014,GitHub,heaviside,Heaviside is a Python implementation of a FDTD finite difference time domain EM electromagnetics solver Primary purpose of this code is to be a learning tool,desolatordan,2017-06-27,https://github.com/desolatordan/heaviside,code,Python,4,2025-10-10,raw,0.55,2025-10-10 22:07:45
1015,GitHub,FDTDPy,Electromagnetic FDTD algorithm in python,twhughes,2014-12-31,https://github.com/twhughes/FDTDPy,code,Python,3,2025-10-10,raw,0.15000000000000002,2025-10-10 22:07:45
1016,GitHub,FDTD-EM-GPU,Finite-Difference-Time-Domain ElectroMagnetic simulation GPU s,jrugis,2013-07-22,https://github.com/jrugis/FDTD-EM-GPU,code,C++,3,2025-10-10,raw,0.44999999999999996,2025-10-10 22:07:45
1017,GitHub,docker-meep-and-mpb,Ubuntu docker container for the FDTD software MEEP MIT Electromagnetic Equation Propagation,scimax,2018-03-19,https://github.com/scimax/docker-meep-and-mpb,code,Shell,3,2025-10-10,raw,0.44999999999999996,2025-10-10 22:07:45
1019,GitHub,3D-FDTD-EM-Simulator,3D Finite-Difference-Time-Domain electromagnetic simulator in Python,Jormit,2023-03-13,https://github.com/Jormit/3D-FDTD-EM-Simulator,code,Cython,3,2025-10-10,raw,0.44999999999999996,2025-10-10 22:07:45
1020,GitHub,simulation,Electromagnetic simulation,dsarvan,2021-10-11,https://github.com/dsarvan/simulation,code,Python,3,2025-10-10,raw,0.44999999999999996,2025-10-10 22:07:45
1024,GitHub,LFDTD jl,FDTD simulation of lightning electromagnetic pulses,aluque,2022-09-13,https://github.com/aluque/LFDTD.jl,code,Jupyter Notebook,2,2025-10-10,raw,0.15000000000000002,2025-10-10 22:07:45
1025,GitHub,fdtd-waveguide-simulation,Simulating electromagnetic waves behavior in wave guides using meep library,vortex2jm,2025-08-07,https://github.com/vortex2jm/fdtd-waveguide-simulation,code,Python,2,2025-10-10,raw,0.44999999999999996,2025-10-10 22:07:45
1026,GitHub,FDTD-in-CEM,this code shows Finite Difference Time Domain FDTD method applied in electromagnetic problem,flowerdrops,2017-08-31,https://github.com/flowerdrops/FDTD-in-CEM,code,Matlab,2,2025-10-10,raw,0.44999999999999996,2025-10-10 22:07:45
1027,GitHub,Interactive_2D_FDTD,Interactive 2D electromagnetic simulation environment with the FDTD method using pygame,milanofthe,2022-12-30,https://github.com/milanofthe/Interactive_2D_FDTD,code,Python,2,2025-10-10,raw,0.44999999999999996,2025-10-10 22:07:45
1028,GitHub,ELECTROMAGNETIC-SIMULATION-USING-THE-FDTD-METHOD-WITH-PYTHON,Python implementations of 1D 2D and 3D electromagnetic wave simulations using the Finite-Difference Time-Domain FDTD method inspired by the works of Jennifer E Houle and Allen Taflove,fahadmujawar,2022-04-03,https://github.com/fahadmujawar/ELECTROMAGNETIC-SIMULATION-USING-THE-FDTD-METHOD-WITH-PYTHON,code,Python,2,2025-10-10,raw,0.85,2025-10-10 22:07:45
1029,GitHub,1D-FDTD-MATLAB,This repository provides a MATLAB implementation of the 1D Finite Difference Time Domain FDTD method for simulating the propagation of plane electromagnetic waves in a vacuum,ShayanDodge,2021-11-24,https://github.com/ShayanDodge/1D-FDTD-MATLAB,code,MATLAB,2,2025-10-10,raw,0.85,2025-10-10 22:07:45
1030,GitHub,Electromagnetic_Field_Solver_3D_FDTD,This is a standard FDTD codes for solving 3D full-wave Maxwell s Equations using cubes as the volume element,fabiankung,2019-06-11,https://github.com/fabiankung/Electromagnetic_Field_Solver_3D_FDTD,code,C++,1,2025-10-10,raw,0.85,2025-10-10 22:07:45
1031,GitHub,Computational-Electromagnetics,Computational Techniques in Classical Electrodynamics Integral Equations Method of Moments MoM Finite Difference FD Finite Element Method FEM Finite Difference Time Domain FDTD,DhimanSarkar,2023-05-02,https://github.com/DhimanSarkar/Computational-Electromagnetics,code,C++,1,2025-10-10,raw,0.7999999999999999,2025-10-10 22:07:45
1032,GitHub,light-matter-interaction,FDTD based electromagnetic simulations,tsoos99dev,2023-12-04,https://github.com/tsoos99dev/light-matter-interaction,code,Rust,1,2025-10-10,raw,0.44999999999999996,2025-10-10 22:07:45
1034,GitHub,FDTD_Sim,FDTD electromagnetic wave propagation simulator,SumuduLansakara,2018-05-04,https://github.com/SumuduLansakara/FDTD_Sim,code,,1,2025-10-10,raw,0.2,2025-10-10 22:07:45
1037,GitHub,PyFocus,This is PyFocus a Python package that provides high-level functions and an user interface to perform full vectorial calculations of the focus of an electromagnetic field that has been modulated by a custom phase mask,fcaprile,2021-05-02,https://github.com/fcaprile/PyFocus,code,Python,15,2025-10-10,raw,0.55,2025-10-10 22:07:45
1038,GitHub,boris-algorithm,The Boris algorithm for numerically tracing non-relativistic charged particles in electromagnetic fields written in C matlab and python,iwhoppock,2018-11-15,https://github.com/iwhoppock/boris-algorithm,code,C,12,2025-10-10,raw,0.85,2025-10-10 22:07:45
1039,GitHub,Electromagnetic_Field_Lab_Courese,Matlab Python Realization of 电磁场与微波技术实验-信息与通信工程学院-大连理工大学,Boese0601,2021-04-02,https://github.com/Boese0601/Electromagnetic_Field_Lab_Courese,code,MATLAB,10,2025-10-10,raw,0.44999999999999996,2025-10-10 22:07:45
1040,GitHub,Electromagnetic_Fields_B_2020,Visualisation and analysis of electromagnetic fields,Qvapil,2021-03-19,https://github.com/Qvapil/Electromagnetic_Fields_B_2020,code,Python,7,2025-10-10,raw,0.44999999999999996,2025-10-10 22:07:45
1041,GitHub,Propagation-of-electromagnetic-fields,Python+GUI Propagation of electromagnetic field in ideal medium and ideal conductor,HanGuangXin,2020-06-30,https://github.com/HanGuangXin/Propagation-of-electromagnetic-fields,code,Python,7,2025-10-10,raw,0.44999999999999996,2025-10-10 22:07:45
1044,GitHub,CParticle,Charged Particle trajectory in electromagnetic fields written in C with visualization in Python NumPy matplotlib,niktryf,2015-12-16,https://github.com/niktryf/CParticle,code,C,2,2025-10-10,raw,0.55,2025-10-10 22:07:45
1045,GitHub,Maxwell-ATC,Python program based the Netgen/Ngsolve finite element library that computes the electromagnetic field and the far-field patterns of scattered fields due to a delaminated layered obstacle,irenedet,2016-11-25,https://github.com/irenedet/Maxwell-ATC,code,Python,2,2025-10-10,raw,0.85,2025-10-10 22:07:45
1048,GitHub,bfield,FDTD Electromagnetic Field Solver with Blender front end,forbes3100,2023-01-29,https://github.com/forbes3100/bfield,code,C++,1,2025-10-10,raw,0.15000000000000002,2025-10-10 22:07:45
1049,GitHub,PWS-2024-2025-Electromagnetism,Official repository for visualisations and models describing the various behaviours of electromagnetic fields,Wilollow,2024-04-19,https://github.com/Wilollow/PWS-2024-2025-Electromagnetism,code,Python,1,2025-10-10,raw,0.85,2025-10-10 22:07:45
1050,GitHub,Electromagnetic-Particle-Simulator,Electromagnetic Particle Simulator A Python-based interactive tool for simulating the motion of charged particles in electric and magnetic fields Users can customize charge mass initial conditions and choose from different simulation methods like Runge-Kutta or without magnetic field for educational purposes,oEmanuelFirmino,2025-01-30,https://github.com/oEmanuelFirmino/Electromagnetic-Particle-Simulator,code,Python,1,2025-10-10,raw,0.85,2025-10-10 22:07:45
1051,GitHub,Scientific-Machine-Learning-for-Electromagnetic-Simulation,Using NVIDIA Physics Nemo framework to create a Physics Informed Neural Operator to simulate 2D Electromagnetic Field Simulations,flexs2n,2024-10-16,https://github.com/flexs2n/Scientific-Machine-Learning-for-Electromagnetic-Simulation,code,Jupyter Notebook,1,2025-10-10,raw,0.85,2025-10-10 22:07:45
1052,GitHub,didactic-emfield,Python-based project aimed at simulating electromagnetic fields generated by point charges This educational tool provides users with an interactive environment to explore the behavior of electromagnetic fields through simulations,DeusCL,2024-04-18,https://github.com/DeusCL/didactic-emfield,code,Python,1,2025-10-10,raw,0.85,2025-10-10 22:07:45
1053,GitHub,pynoza,A Python framework for the time-domain multipole expansion of electromagnetic fields in Cartesian coordinates,eliasleb,2022-11-02,https://github.com/eliasleb/pynoza,code,Python,1,2025-10-10,raw,0.55,2025-10-10 22:07:45
1054,GitHub,Electrostatics,This is a python script for the teaching of electric field in electromagnetics course,dantrica,2019-02-09,https://github.com/dantrica/Electrostatics,code,Jupyter Notebook,0,2025-10-10,raw,0.44999999999999996,2025-10-10 22:07:45
1055,GitHub,ElectroMagnetic_Fields,Python Scripts for Book,STARC-IITI,2025-07-05,https://github.com/STARC-IITI/ElectroMagnetic_Fields,code,Python,0,2025-10-10,raw,0.4,2025-10-10 22:07:45
1056,GitHub,fields-and-footballs,electromagnetic field sims and fantasy football python work,chrisvinton92,2020-02-07,https://github.com/chrisvinton92/fields-and-footballs,code,Python,0,2025-10-10,raw,0.44999999999999996,2025-10-10 22:07:45
1057,GitHub,emag-jupyter,Electromagnetic Fields taught in Jupyter Lab Python,nayot,2024-11-29,https://github.com/nayot/emag-jupyter,code,Jupyter Notebook,0,2025-10-10,raw,0.44999999999999996,2025-10-10 22:07:45
1058,GitHub,Electromagnetic-Field-Visualizer,This project was conducted as part of a course on electromagnetism The goal is to create a Python-based software tool to help students and researchers visualize the electric field of various shapes and extend it to any shape,Ines-Belhaj,2024-07-31,https://github.com/Ines-Belhaj/Electromagnetic-Field-Visualizer,code,Python,0,2025-10-10,raw,0.7999999999999999,2025-10-10 22:07:45
1059,GitHub,MPB_outputscript,Python script to output electromagnetic fields from MPB simulations,mikkokataja,2021-03-14,https://github.com/mikkokataja/MPB_outputscript,code,Python,0,2025-10-10,raw,0.44999999999999996,2025-10-10 22:07:45
1060,GitHub,Simple-EM-field,It is just an example on Python of a charged particle inside of an ElectroMagnetic field,liangxuwhu,2017-12-25,https://github.com/liangxuwhu/Simple-EM-field.,code,Python,0,2025-10-10,raw,0.44999999999999996,2025-10-10 22:07:45
1061,GitHub,EMFT_examples,Example python codes for visualization of Electromagnetic Field Theory problems,gasperkm,2021-11-12,https://github.com/gasperkm/EMFT_examples,code,Jupyter Notebook,0,2025-10-10,raw,0.5,2025-10-10 22:07:45
1062,GitHub,Motion-of-Charged-Particle-in-Electromagnetic-Field,Report containing methods in python used to calculate the motion of a charged particle in an electromagnetic field via different algorithms,sarvbhavya,2022-10-26,https://github.com/sarvbhavya/Motion-of-Charged-Particle-in-Electromagnetic-Field,code,,0,2025-10-10,raw,0.85,2025-10-10 22:07:45
1063,GitHub,tetracoil-field-visualisation,Python implementation for visualising magnetic field patterns of tetracoil configurations using VectorFieldPlot designed for electromagnetic field analysis and research applications,AdzCoder,2025-07-07,https://github.com/AdzCoder/tetracoil-field-visualisation,code,Python,0,2025-10-10,raw,0.85,2025-10-10 22:07:45
1064,GitHub,AC_Motor_Control_Simulations,A simplified Python simulation for AC motor electromagnetic field and torque characteristics,namedummy568-stack,2025-09-15,https://github.com/namedummy568-stack/AC_Motor_Control_Simulations,code,,0,2025-10-10,raw,0.44999999999999996,2025-10-10 22:07:45
1065,GitHub,electromagnetic_filed_in_school,measuring the intensity of the field in the school and using python to process the data,Random9-BB,2024-08-26,https://github.com/Random9-BB/electromagnetic_filed_in_school,code,,0,2025-10-10,raw,0.4,2025-10-10 22:07:45
1066,GitHub,Magnetorquer-Field-Calculator github io,Created a Python application to calculate the magnetic field strength B at specific positions in a wire coil relevant for spacecraft electromagnetic systems,Akshobhya-codes,2024-10-21,https://github.com/Akshobhya-codes/Magnetorquer-Field-Calculator.github.io,code,Python,0,2025-10-10,raw,0.85,2025-10-10 22:07:45
1067,GitHub,Simulasi-EM-Relativistik,Simulation particle and antiparticle in electromagnetic fields using the Range-Kutta method with the python programming language,babikeren5,2025-06-16,https://github.com/babikeren5/Simulasi-EM-Relativistik,code,Python,0,2025-10-10,raw,0.85,2025-10-10 22:07:45
1068,GitHub,pyEMSim,A Python library for simulating electromagnetic fields and interactions using numerical methods Poisson solvers FDTD and more,AdamBahloull,2025-09-14,https://github.com/AdamBahloull/pyEMSim,code,,0,2025-10-10,raw,0.55,2025-10-10 22:07:45
1069,GitHub,e_simulator,This is a python package helping users to simulate the orbit of a particle in electromagnetic fields,FatCoding3,2024-12-30,https://github.com/FatCoding3/e_simulator,code,Jupyter Notebook,0,2025-10-10,raw,0.44999999999999996,2025-10-10 22:07:45
1070,GitHub,pemf-audio-generator,Open-source scripts for generating PEMF Pulsed Electromagnetic Field audio with safety transparency and research in mind,ChrisJAtlas,2025-09-24,https://github.com/ChrisJAtlas/pemf-audio-generator,code,PowerShell,0,2025-10-10,raw,0.85,2025-10-10 22:07:45
1071,GitHub,PKE_Meter_Pico_CircuitPython,Functional replica of the P K E Meter from the movie Ghostbusters It mimics the iconic design and utilizes logic to serves as a real Electromagnetic Field EMF detector,ant3869,2024-02-05,https://github.com/ant3869/PKE_Meter_Pico_CircuitPython,code,Python,0,2025-10-10,raw,0.85,2025-10-10 22:07:45
1072,GitHub,PhysicsSims,A series of physics simulations largely electromagnetic field models written in python Some made for my PHY-4B class most for fun,AlmightyMiau,2025-09-12,https://github.com/AlmightyMiau/PhysicsSims,code,Python,0,2025-10-10,raw,0.85,2025-10-10 22:07:45
1073,GitHub,EMI-PCB-Mapping,Embedded system integrating Raspberry Pi Pico with actuators custom-designed hardware UI board desktop software UI coded in Python and a near-field probe set for electromagnetic field mapping,sitraka-dan,2025-02-06,https://github.com/sitraka-dan/EMI-PCB-Mapping,code,Python,0,2025-10-10,raw,0.85,2025-10-10 22:07:45
1074,GitHub,mercury-particle-tracer-MHD,This is a Python tool to study the motion of charged particles in Mercury s magnetosphere using electromagnetic fields from an MHD model,titouanMchal,2025-09-04,https://github.com/titouanMchal/mercury-particle-tracer-MHD,code,Python,0,2025-10-10,raw,0.85,2025-10-10 22:07:45
1076,GitHub,core-shell-lasing,Python codes for a theoretical model of Dye lasing material and the electromagnetic fields for core-shell nanoparticles and lattices with this media inside,npassarelli,2025-07-14,https://github.com/npassarelli/core-shell-lasing,code,Python,0,2025-10-10,raw,0.85,2025-10-10 22:07:45
1077,GitHub,frequency-set-audio-generator,A Python script that generates Pulsed Electromagnetic Field PEMF and frequency-based audio files Users can specify custom frequencies waveforms and timing parameters to create WAV files for frequency therapy applications,paulrydberg,2025-02-07,https://github.com/paulrydberg/frequency-set-audio-generator,code,Python,0,2025-10-10,raw,0.85,2025-10-10 22:07:45
1078,GitHub,Grandis-1999-recursion,About A Python-based implementation for 1D Magnetotelluric MT modeling using Grandis 1999 recursive formula This program computes the MT response based on the electromagnetic fields at the top of two consecutive layers,annie-gabrielle,2025-06-16,https://github.com/annie-gabrielle/Grandis-1999-recursion,code,Jupyter Notebook,0,2025-10-10,raw,0.85,2025-10-10 22:07:45
1079,GitHub,ElectroMagnetism,Programs to model the behavior of electromagnetic fields in different situations such as manipulating the number of charges changing distance between them behavior in function of time speed among others The programs are done in Python,matiasandov,2020-09-29,https://github.com/matiasandov/ElectroMagnetism,code,Jupyter Notebook,0,2025-10-10,raw,0.85,2025-10-10 22:07:45
1080,GitHub,EM-WAVE-ANIMATION-,The objective of this assignment was to develop a program in Python to calculate and visualize the spatial and 3D distribution of an electromagnetic field for user-defined inputs in the frequency range of 300 MHz to 3 GHz,Bhoomika-1312,2025-09-29,https://github.com/Bhoomika-1312/EM-WAVE-ANIMATION-,code,Python,0,2025-10-10,raw,0.85,2025-10-10 22:07:45
